{"CAP theorem": [4.984249, 3.15662, 3.800312, 3.197495, 3.274736, 3.763952, 3.231476, 3.20047, 3.176219, 3.825951], "cozonac": [5.402319, 3.300326, 3.896232, 3.441872, 3.67375, 3.333436, 3.219513, 2.934507, 3.111024, 3.235419], "USA": [6.63789, 2.82858, 3.117524, 3.191652, 3.46718, 3.434685, 3.110227, 3.121805, 3.114978, 3.154009], "UEFA Champions League": [5.771841, 3.744323, 6.440279, 5.486914, 6.777988, 4.285062, 3.183909, 3.206613, 3.156955, 3.167339], "Cloud Computing": [5.068613, 5.64592, 3.866371, 3.221063, 4.096321, 3.833192, 3.199923, 3.165529, 3.506161, 3.156346], "Life of Pi": [5.219606, 3.174093, 3.187426, 3.258745, 3.284275, 3.163825, 3.197107, 3.226485, 3.608821, 3.3957], "Drake": [5.462237, 5.116446, 4.312362, 4.183668, 4.200055, 4.040393, 4.792679, 4.795367, 6.496584, 4.776753], "BMW": [8.639909, 3.173074, 3.169204, 3.605395, 3.77025, 3.161651, 3.138433, 3.123623, 3.128642, 4.376493], "Iasi": [6.741328, 3.194772, 3.440962, 3.474109, 3.257251, 3.20104, 3.185372, 3.172462, 3.457879, 3.455021], "1 Mai": [7.326822, 3.083497, 3.204739, 4.190435, 3.843424, 2.898079, 4.05686, 3.45177, 3.142998, 3.772452]}